Date,Close/Last,Volume,Open,High,Low,Day
02/24/2020,74.55,222195320,74.32,76.05,72.31,0
02/25/2020,72.02,230673440,75.24,75.63,71.53,1
02/26/2020,73.16,198713720,71.63,74.47,71.63,2
02/27/2020,68.38,320605520,70.28,71.50,68.24,3
02/28/2020,68.34,426884800,64.32,69.60,64.09,4
03/02/2020,74.70,341397360,70.57,75.36,69.43,5
03/03/2020,72.33,319475400,75.92,76.00,71.45,6
03/04/2020,75.69,219178280,74.11,75.85,73.28,7
03/05/2020,73.23,187572880,73.88,74.89,72.85,8
03/06/2020,72.26,226177000,70.50,72.71,70.31,9
03/09/2020,66.54,286744840,65.94,69.52,65.75,10
03/10/2020,71.34,285290080,69.29,71.61,67.34,11
03/11/2020,68.86,256379880,69.35,70.31,67.97,12
03/12/2020,62.06,418474000,63.99,67.50,62.00,13
03/13/2020,69.49,370732120,66.22,69.98,63.24,14
03/16/2020,60.55,322423480,60.49,64.77,60.00,15
03/17/2020,63.22,324055880,61.88,64.40,59.60,16
03/18/2020,61.67,300233640,59.94,62.50,59.28,17
03/19/2020,61.20,271857040,61.85,63.21,60.65,18
03/20/2020,57.31,401693200,61.80,62.96,57.00,19
03/23/2020,56.09,336752840,57.02,57.12,53.15,20
03/24/2020,61.72,287531080,59.09,61.92,58.58,21
03/25/2020,61.38,303602040,62.69,64.56,61.08,22
03/26/2020,64.61,252560680,61.63,64.67,61.59,23
03/27/2020,61.94,204216600,63.19,63.97,61.76,24
03/30/2020,63.70,167976440,62.69,63.88,62.35,25
03/31/2020,63.57,197002000,63.90,65.62,63.00,26
04/01/2020,60.23,176218560,61.63,62.18,59.78,27
04/02/2020,61.23,165933960,60.09,61.29,59.23,28
04/03/2020,60.35,129880080,60.70,61.43,59.74,29
04/06/2020,65.62,201820280,62.73,65.78,62.35,30
04/07/2020,64.86,202887320,67.70,67.93,64.75,31
04/08/2020,66.52,168895280,65.69,66.84,65.31,32
04/09/2020,67.00,162116480,67.18,67.52,66.18,33
04/13/2020,68.31,131022920,67.08,68.43,66.46,34
04/14/2020,71.76,194994680,70.00,72.06,69.51,35
04/15/2020,71.11,131154560,70.60,71.58,70.16,36
04/16/2020,71.67,157125160,71.85,72.05,70.59,37
04/17/2020,70.70,215249920,71.17,71.74,69.22,38
04/20/2020,69.23,130015000,69.49,70.42,69.21,39
04/21/2020,67.09,180991560,69.07,69.31,66.36,40
04/22/2020,69.03,117057360,68.40,69.48,68.05,41
04/23/2020,68.76,124814320,68.97,70.44,68.72,42
04/24/2020,70.74,126508720,69.30,70.75,69.25,43
04/27/2020,70.79,117087560,70.45,71.14,69.99,44
04/28/2020,69.65,112004760,71.27,71.46,69.55,45
04/29/2020,71.93,137280800,71.18,72.42,70.97,46
04/30/2020,73.45,183063880,72.49,73.63,72.09,47
05/01/2020,72.27,240616720,71.56,74.75,71.46,48
05/04/2020,73.29,133567960,72.29,73.42,71.58,49
05/05/2020,74.39,147751200,73.77,75.25,73.62,50
05/06/2020,75.16,142333760,75.12,75.81,74.72,51
05/07/2020,75.94,115215040,75.81,76.29,75.49,52
05/08/2020,77.53,134047960,76.41,77.59,76.07,53
05/11/2020,78.75,145946240,77.03,79.26,76.81,54
05/12/2020,77.85,162301040,79.46,79.92,77.73,55
05/13/2020,76.91,200622560,78.04,78.99,75.80,56
05/14/2020,77.39,158929080,76.13,77.45,75.38,57
05/15/2020,76.93,166348360,75.09,76.98,75.05,58
05/18/2020,78.74,135372520,78.29,79.13,77.58,59
05/19/2020,78.29,101729560,78.76,79.63,78.25,60
05/20/2020,79.81,111504880,79.17,79.88,79.05,61
05/21/2020,79.21,102688840,79.67,80.22,78.97,62
05/22/2020,79.72,81803000,78.94,79.81,78.84,63
05/26/2020,79.18,125521800,80.88,81.06,79.13,64
05/27/2020,79.53,112945080,79.04,79.68,78.27,65
05/28/2020,79.56,133796400,79.19,80.86,78.91,66
05/29/2020,79.49,153598120,79.81,80.29,79.12,67
06/01/2020,80.46,81018600,79.44,80.59,79.30,68
06/02/2020,80.84,87642800,80.19,80.86,79.73,69
06/03/2020,81.28,104491200,81.17,81.55,80.58,70
06/04/2020,80.58,87560360,81.10,81.41,80.20,71
06/05/2020,82.88,137250200,80.84,82.94,80.81,72
06/08/2020,83.37,95654520,82.56,83.40,81.83,73
06/09/2020,86.00,147712360,83.04,86.40,83.00,74
06/10/2020,88.21,166651760,86.98,88.69,86.52,75
06/11/2020,83.98,201662440,87.33,87.77,83.87,76
06/12/2020,84.70,200146040,86.18,86.95,83.56,77
06/15/2020,85.75,138808920,83.31,86.42,83.15,78
06/16/2020,88.02,165428720,87.87,88.30,86.18,79
06/17/2020,87.90,114406520,88.79,88.85,87.77,80
06/18/2020,87.93,96820400,87.85,88.36,87.31,81
06/19/2020,87.43,264475800,88.66,89.14,86.29,82
06/22/2020,89.72,135445280,87.84,89.87,87.79,83
06/23/2020,91.63,212155480,91.00,93.10,90.57,84
06/24/2020,90.02,192623400,91.25,92.20,89.63,85
06/25/2020,91.21,137522520,90.18,91.25,89.39,86
06/26/2020,88.41,205256840,91.10,91.33,88.26,87
06/29/2020,90.45,130646080,88.31,90.54,87.82,88
06/30/2020,91.20,140223280,90.02,91.50,90.00,89
07/01/2020,91.03,110737240,91.28,91.84,90.98,90
07/02/2020,91.03,114041480,91.96,92.62,90.91,91
07/06/2020,93.46,118655640,92.50,93.95,92.47,92
07/07/2020,93.17,112424440,93.85,94.66,93.06,93
07/08/2020,95.34,117091880,94.18,95.38,94.09,94
07/09/2020,95.68,125642600,96.26,96.32,94.67,95
07/10/2020,95.92,90257320,95.34,95.98,94.71,96
07/13/2020,95.48,191649160,97.27,99.96,95.26,97
07/14/2020,97.06,170989360,94.84,97.26,93.88,98
07/15/2020,97.73,153197920,98.99,99.25,96.49,99
07/16/2020,96.52,110577680,96.56,97.41,95.91,100
07/17/2020,96.33,92186920,96.99,97.15,95.84,101
07/20/2020,98.36,90317920,96.42,98.50,96.06,102
07/21/2020,97.00,103645840,99.17,99.25,96.74,103
07/22/2020,97.27,89001640,96.69,97.98,96.60,104
07/23/2020,92.85,197004440,97.00,97.08,92.01,105
07/24/2020,92.62,185438880,90.99,92.97,89.15,106
07/27/2020,94.81,121214200,93.71,94.91,93.48,107
07/28/2020,93.25,103625520,94.37,94.55,93.25,108
07/29/2020,95.04,90329240,93.75,95.23,93.71,109
07/30/2020,96.19,158130040,94.19,96.30,93.77,110
07/31/2020,106.26,374295480,102.88,106.42,100.83,111
08/03/2020,108.94,308151400,108.20,111.64,107.89,112
08/04/2020,109.67,172792360,109.13,110.79,108.39,113
08/05/2020,110.06,121991960,109.38,110.39,108.90,114
08/06/2020,113.90,202428920,110.41,114.41,109.80,115
08/07/2020,111.11,198045600,113.21,113.68,110.29,116
08/10/2020,112.73,212403440,112.60,113.78,110.00,117
08/11/2020,109.38,187902360,111.97,112.48,109.11,118
08/12/2020,113.01,165944840,110.50,113.28,110.30,119
08/13/2020,115.01,210082080,114.43,116.04,113.93,120
08/14/2020,114.91,165565200,114.83,115.00,113.05,121
08/17/2020,114.61,119561440,116.06,116.09,113.96,122
08/18/2020,115.56,105633560,114.35,116.00,114.01,123
08/19/2020,115.71,145538000,115.98,117.16,115.61,124
08/20/2020,118.28,126907200,115.75,118.39,115.73,125
08/21/2020,124.37,338054640,119.26,124.87,119.25,126
08/24/2020,125.86,345937760,128.70,128.79,123.94,127
08/25/2020,124.83,211495800,124.70,125.18,123.05,128
08/26/2020,126.52,163022280,126.18,126.99,125.08,129
08/27/2020,125.01,155552400,127.14,127.49,123.83,130
08/28/2020,124.81,187629920,126.01,126.44,124.58,131
08/31/2020,129.04,225702700,127.58,131.00,126.00,132
09/01/2020,134.18,152470100,132.76,134.80,130.53,133
09/02/2020,131.40,200119000,137.59,137.98,127.00,134
09/03/2020,120.88,257599600,126.91,128.84,120.50,135
09/04/2020,120.96,332607200,120.07,123.70,110.89,136
09/08/2020,112.82,231366600,113.95,118.99,112.68,137
09/09/2020,117.32,176940500,117.26,119.14,115.26,138
09/10/2020,113.49,182274400,120.36,120.50,112.50,139
09/11/2020,112.00,180860300,114.57,115.23,110.00,140
09/14/2020,115.36,140150100,114.72,115.93,112.80,141
09/15/2020,115.54,184642000,118.33,118.83,113.61,142
09/16/2020,112.13,155026700,115.23,116.00,112.04,143
09/17/2020,110.34,178011000,109.72,112.20,108.71,144
09/18/2020,106.84,287104900,110.40,110.88,106.09,145
09/21/2020,110.08,195713800,104.54,110.19,103.10,146
09/22/2020,111.81,183055400,112.68,112.86,109.16,147
09/23/2020,107.12,150718700,111.62,112.11,106.77,148
09/24/2020,108.22,167743300,105.17,110.25,105.00,149
09/25/2020,112.28,149981400,108.43,112.44,107.67,150
09/28/2020,114.96,137672400,115.01,115.32,112.78,151
09/29/2020,114.09,100060500,114.55,115.31,113.57,152
09/30/2020,115.81,142675200,113.79,117.26,113.62,153
10/01/2020,116.79,116120400,117.64,117.72,115.83,154
10/02/2020,113.02,144712000,112.89,115.37,112.22,155
10/05/2020,116.50,106243800,113.91,116.65,113.55,156
10/06/2020,113.16,161498200,115.70,116.12,112.25,157
10/07/2020,115.08,96848990,114.62,115.55,114.13,158
10/08/2020,114.97,83477150,116.25,116.40,114.59,159
10/09/2020,116.97,100506900,115.28,117.00,114.92,160
10/12/2020,124.40,240226800,120.06,125.18,119.28,161
10/13/2020,121.10,262330500,125.27,125.39,119.65,162
10/14/2020,121.19,151062300,121.00,123.03,119.62,163
10/15/2020,120.71,112559200,118.72,121.20,118.15,164
10/16/2020,119.02,115393800,121.28,121.55,118.81,165
10/19/2020,115.98,120639300,119.96,120.42,115.66,166
10/20/2020,117.51,124423700,116.20,118.98,115.63,167
10/21/2020,116.87,89945980,116.67,118.71,116.45,168
10/22/2020,115.75,101988000,117.45,118.04,114.59,169
10/23/2020,115.04,82572650,116.39,116.55,114.28,170
10/26/2020,115.05,111850700,114.01,116.55,112.88,171
10/27/2020,116.60,92276770,115.49,117.28,114.54,172
10/28/2020,111.20,143937800,115.05,115.43,111.10,173
10/29/2020,115.32,146129200,112.37,116.93,112.20,174
10/30/2020,108.86,190573500,111.06,111.99,107.72,175
11/02/2020,108.77,122866900,109.11,110.68,107.32,176
11/03/2020,110.44,107624400,109.66,111.49,108.73,177
11/04/2020,114.95,138235500,114.14,115.59,112.35,178
11/05/2020,119.03,126387100,117.95,119.62,116.87,179
11/06/2020,118.69,114457900,118.32,119.20,116.13,180
11/09/2020,116.32,154515300,120.50,121.99,116.05,181
11/10/2020,115.97,138023400,115.55,117.59,114.13,182
11/11/2020,119.49,112295000,117.19,119.63,116.44,183
11/12/2020,119.21,103350700,119.62,120.53,118.57,184
11/13/2020,119.26,81688590,119.44,119.67,117.87,185
11/16/2020,120.30,91183020,118.92,120.99,118.15,186
11/17/2020,119.39,74270970,119.55,120.67,118.96,187
11/18/2020,118.03,76322110,118.61,119.82,118.00,188
11/19/2020,118.64,74112970,117.59,119.06,116.81,189
11/20/2020,117.34,73604290,118.64,118.77,117.29,190
11/23/2020,113.85,127959300,117.18,117.62,113.75,191
11/24/2020,115.17,113874200,113.91,115.85,112.59,192
11/25/2020,116.03,76499230,115.55,116.75,115.17,193
11/27/2020,116.59,46691330,116.57,117.49,116.22,194
11/30/2020,119.05,169410200,116.97,120.97,116.81,195
12/01/2020,122.72,128166800,121.01,123.47,120.01,196
12/02/2020,123.08,89004200,122.02,123.37,120.89,197
12/03/2020,122.94,78967630,123.52,123.78,122.21,198
12/04/2020,122.25,78260420,122.60,122.86,121.52,199
12/07/2020,123.75,86711990,122.31,124.57,122.25,200
12/08/2020,124.38,82225510,124.37,124.98,123.09,201
12/09/2020,121.78,115089200,124.53,125.95,121.00,202
12/10/2020,123.24,81312170,120.50,123.87,120.15,203
12/11/2020,122.41,86939790,122.43,122.76,120.55,204
12/14/2020,121.78,79075990,122.60,123.35,121.54,205
12/15/2020,127.88,157572300,124.34,127.90,124.13,206
12/16/2020,127.81,98208590,127.41,128.37,126.56,207
12/17/2020,128.70,94359810,128.90,129.58,128.05,208
12/18/2020,126.66,192541500,128.96,129.10,126.12,209
12/21/2020,128.23,121251600,125.02,128.31,123.45,210
12/22/2020,131.88,169351800,131.61,134.41,129.65,211
12/23/2020,130.96,88223690,132.16,132.43,130.78,212
12/24/2020,131.97,54930060,131.32,133.46,131.10,213
12/28/2020,136.69,124486200,133.99,137.34,133.51,214
12/29/2020,134.87,121047300,138.05,138.79,134.34,215
12/30/2020,133.72,96452120,135.58,135.99,133.40,216
12/31/2020,132.69,99116590,134.08,134.74,131.72,217
01/04/2021,129.41,143301900,133.52,133.61,126.76,218
01/05/2021,131.01,97664900,128.89,131.74,128.43,219
01/06/2021,126.60,155088000,127.72,131.05,126.38,220
01/07/2021,130.92,109578200,128.36,131.63,127.86,221
01/08/2021,132.05,105158200,132.43,132.63,130.23,222
01/11/2021,128.98,100620900,129.19,130.17,128.50,223
01/12/2021,128.80,91951150,128.50,129.69,126.86,224
01/13/2021,130.89,88636830,128.76,131.45,128.49,225
01/14/2021,128.91,90221760,130.80,131.00,128.76,226
01/15/2021,127.14,111598500,128.78,130.22,127.00,227
01/19/2021,127.83,90757330,127.78,128.71,126.94,228
01/20/2021,132.03,104319500,128.66,132.49,128.55,229
01/21/2021,136.87,120529500,133.80,139.67,133.59,230
01/22/2021,139.07,114459400,136.28,139.85,135.02,231
01/25/2021,142.92,157611700,143.07,145.09,136.54,232
01/26/2021,143.16,98390560,143.60,144.30,141.37,233
01/27/2021,142.06,140843800,143.43,144.30,140.41,234
01/28/2021,137.09,142621100,139.52,141.99,136.70,235
01/29/2021,131.96,177523800,135.83,136.74,130.21,236
02/01/2021,134.14,106239800,133.75,135.38,130.93,237
02/02/2021,134.99,83305370,135.73,136.31,134.61,238
02/03/2021,133.94,89880940,135.76,135.77,133.61,239
02/04/2021,137.39,84183060,136.30,137.40,134.59,240
02/05/2021,136.76,75693830,137.35,137.42,135.86,241
02/08/2021,136.91,71297210,136.03,136.96,134.92,242
02/09/2021,136.01,76774210,136.62,137.88,135.85,243
02/10/2021,135.39,73046560,136.48,136.99,134.40,244
02/11/2021,135.13,64280030,135.90,136.39,133.77,245
02/12/2021,135.37,60145130,134.35,135.53,133.69,246
02/16/2021,133.19,80576320,135.49,136.01,132.79,247
02/17/2021,130.84,98085250,131.25,132.22,129.47,248
02/18/2021,129.71,96856750,129.20,130.00,127.41,249
02/19/2021,129.87,87668830,130.24,130.71,128.80,250
02/22/2021,126.00,103916400,128.01,129.72,125.60,251
02/23/2021,125.86,158273000,123.76,126.71,118.39,252
02/24/2021,125.35,111039900,124.94,125.56,122.23,253
02/25/2021,120.99,148199500,124.68,126.46,120.54,254
02/26/2021,121.26,164560400,122.59,124.85,121.20,255
03/01/2021,127.79,116307900,123.75,127.93,122.79,256
03/02/2021,125.12,102260900,128.41,128.72,125.01,257
03/03/2021,122.06,112966300,124.81,125.71,121.84,258
03/04/2021,120.13,178155000,121.75,123.60,118.62,259
03/05/2021,121.42,153766600,120.98,121.94,117.57,260
03/08/2021,116.36,154376600,120.93,121.00,116.21,261
03/09/2021,121.09,129525800,119.03,122.06,118.79,262
03/10/2021,119.98,111943300,121.69,122.17,119.45,263
03/11/2021,121.96,103026500,122.54,123.21,121.26,264
03/12/2021,121.03,88105050,120.40,121.17,119.16,265
03/15/2021,123.99,92590560,121.41,124.00,120.42,266
03/16/2021,125.57,115227900,125.70,127.22,124.72,267
03/17/2021,124.76,111932600,124.05,125.86,122.34,268
03/18/2021,120.53,121469800,122.88,123.18,120.32,269
03/19/2021,119.99,185549500,119.90,121.43,119.68,270
03/22/2021,123.39,111912300,120.33,123.87,120.26,271
03/23/2021,122.54,95467140,123.33,124.24,122.14,272
03/24/2021,120.09,88530490,122.82,122.90,120.07,273
03/25/2021,120.59,98844680,119.54,121.66,119.00,274
03/26/2021,121.21,94071230,120.35,121.48,118.92,275
03/29/2021,121.39,80819200,121.65,122.58,120.73,276
03/30/2021,119.90,85671920,120.11,120.40,118.86,277
03/31/2021,122.15,118323800,121.65,123.52,121.15,278
04/01/2021,123.00,75089130,123.66,124.18,122.49,279
04/05/2021,125.90,88651180,123.87,126.16,123.07,280
04/06/2021,126.21,80171250,126.50,127.13,125.65,281
04/07/2021,127.90,83466720,125.83,127.92,125.14,282
04/08/2021,130.36,88844590,128.95,130.39,128.52,283
04/09/2021,133.00,106686700,129.80,133.04,129.47,284
04/12/2021,131.24,91419980,132.52,132.85,130.63,285
04/13/2021,134.43,91266550,132.44,134.66,131.93,286
04/14/2021,132.03,87222780,134.94,135.00,131.66,287
04/15/2021,134.50,89347100,133.82,135.00,133.64,288
04/16/2021,134.16,84922390,134.30,134.67,133.28,289
04/19/2021,134.84,94264220,133.51,135.47,133.34,290
04/20/2021,133.11,94812350,135.02,135.53,131.81,291
04/21/2021,133.50,68847140,132.36,133.75,131.30,292
04/22/2021,131.94,84566460,133.04,134.15,131.41,293
04/23/2021,134.32,78756780,132.16,135.12,132.16,294
04/26/2021,134.72,66905070,134.83,135.06,133.56,295
04/27/2021,134.39,66015800,135.01,135.41,134.11,296
04/28/2021,133.58,107760100,134.31,135.02,133.08,297
04/29/2021,133.48,151101000,136.47,137.07,132.45,298
04/30/2021,131.46,109839500,131.78,133.56,131.07,299
05/03/2021,132.54,75135100,132.04,134.07,131.83,300
05/04/2021,127.85,137564700,131.19,131.49,126.70,301
05/05/2021,128.10,84000900,129.20,130.45,127.97,302
05/06/2021,129.74,78128330,127.89,129.75,127.13,303
05/07/2021,130.21,78973270,130.85,131.26,129.48,304
05/10/2021,126.85,88071230,129.41,129.54,126.81,305
05/11/2021,125.91,126142800,123.50,126.27,122.77,306
05/12/2021,122.77,112172300,123.40,124.64,122.25,307
05/13/2021,124.97,105861300,124.58,126.15,124.26,308
05/14/2021,127.45,81917950,126.25,127.89,125.85,309
05/17/2021,126.27,74116550,126.82,126.93,125.17,310
05/18/2021,124.85,63342930,126.56,126.99,124.78,311
05/19/2021,124.69,92611990,123.16,124.92,122.86,312
05/20/2021,127.31,76857120,125.23,127.72,125.10,313
05/21/2021,125.43,79295440,127.82,128.00,125.21,314
05/24/2021,127.10,63092950,126.01,127.94,125.94,315
05/25/2021,126.90,72009480,127.82,128.32,126.32,316
05/26/2021,126.85,56575920,126.96,127.39,126.42,317
05/27/2021,125.28,94625600,126.44,127.64,125.08,318
05/28/2021,124.61,71311110,125.57,125.80,124.55,319
06/01/2021,124.28,67637120,125.08,125.35,123.94,320
06/02/2021,125.06,59278860,124.28,125.24,124.05,321
06/03/2021,123.54,76229170,124.68,124.85,123.13,322
06/04/2021,125.89,75169340,124.07,126.16,123.85,323
06/07/2021,125.90,71057550,126.17,126.32,124.83,324
06/08/2021,126.74,74403770,126.60,128.46,126.21,325
06/09/2021,127.13,56877940,127.21,127.75,126.52,326
06/10/2021,126.11,71186420,127.02,128.19,125.94,327
06/11/2021,127.35,53522370,126.53,127.44,126.10,328
06/14/2021,130.48,96906490,127.82,130.54,127.07,329
06/15/2021,129.64,62746330,129.94,130.60,129.39,330
06/16/2021,130.15,91815030,130.37,130.89,128.46,331
06/17/2021,131.79,96721670,129.80,132.55,129.65,332
06/18/2021,130.46,108953300,130.71,131.51,130.24,333
06/21/2021,132.30,79663320,130.30,132.41,129.21,334
06/22/2021,133.98,74783620,132.13,134.08,131.62,335
06/23/2021,133.70,60214200,133.77,134.32,133.23,336
06/24/2021,133.41,68711000,134.45,134.64,132.93,337
06/25/2021,133.11,70783750,133.46,133.89,132.81,338
06/28/2021,134.78,62111300,133.41,135.25,133.35,339
06/29/2021,136.33,64556080,134.80,136.49,134.35,340
06/30/2021,136.96,63261390,136.17,137.41,135.87,341
07/01/2021,137.27,52485780,136.60,137.33,135.76,342
07/02/2021,139.96,78945570,137.90,140.00,137.75,343
07/06/2021,142.02,108181800,140.07,143.15,140.07,344
07/07/2021,144.57,104911600,143.54,144.89,142.66,345
07/08/2021,143.24,105575500,141.58,144.06,140.67,346
07/09/2021,145.11,99890800,142.75,145.65,142.65,347
07/12/2021,144.50,76299720,146.21,146.32,144.00,348
07/13/2021,145.64,100827100,144.03,147.46,143.63,349
07/14/2021,149.15,127050800,148.10,149.57,147.68,350
07/15/2021,148.48,106820300,149.24,150.00,147.09,351
07/16/2021,146.39,93251430,148.46,149.76,145.88,352
07/19/2021,142.45,121434600,143.75,144.07,141.67,353
07/20/2021,146.15,96350040,143.46,147.10,142.96,354
07/21/2021,145.40,74993460,145.53,146.13,144.63,355
07/22/2021,146.80,77338160,145.94,148.20,145.81,356
07/23/2021,148.56,71447420,147.55,148.72,146.92,357
07/26/2021,148.99,72434090,148.27,149.83,147.70,358
07/27/2021,146.77,104818600,149.12,149.21,145.55,359
07/28/2021,144.98,118931200,144.81,146.97,142.54,360
07/29/2021,145.64,56699480,144.69,146.55,144.58,361
07/30/2021,145.86,70440630,144.38,146.33,144.11,362
08/02/2021,145.52,62879960,146.36,146.95,145.25,363
08/03/2021,147.36,64786620,145.81,148.05,145.18,364
08/04/2021,146.95,56368270,147.27,147.79,146.28,365
08/05/2021,147.06,46397670,146.98,147.84,146.17,366
08/06/2021,146.14,54126810,146.35,147.11,145.63,367
08/09/2021,146.09,48908690,146.20,146.70,145.52,368
08/10/2021,145.60,69023080,146.44,147.71,145.30,369
08/11/2021,145.86,48493460,146.05,146.72,145.53,370
08/12/2021,148.89,73779110,146.19,149.05,145.84,371
08/13/2021,149.10,59375010,148.97,149.44,148.27,372
08/16/2021,151.12,103558800,148.54,151.19,146.47,373
08/17/2021,150.19,92229740,150.23,151.68,149.09,374
08/18/2021,146.36,86325990,149.80,150.72,146.15,375
08/19/2021,146.70,86960310,145.03,148.00,144.50,376
08/20/2021,148.19,60549630,147.44,148.50,146.78,377
08/23/2021,149.71,60131810,148.31,150.19,147.89,378
08/24/2021,149.62,48606430,149.45,150.86,149.15,379
08/25/2021,148.36,58991300,149.81,150.32,147.80,380
08/26/2021,147.54,48597200,148.35,149.12,147.51,381
08/27/2021,148.60,55802390,147.48,148.75,146.83,382
08/30/2021,153.12,90956720,149.00,153.49,148.61,383
08/31/2021,151.83,86453120,152.66,152.80,151.29,384
09/01/2021,152.51,80313710,152.83,154.98,152.34,385
09/02/2021,153.65,71171320,153.87,154.72,152.40,386
09/03/2021,154.30,57866070,153.76,154.63,153.09,387
09/07/2021,156.69,82278260,154.97,157.26,154.39,388
09/08/2021,155.11,74420210,156.98,157.04,153.98,389
09/09/2021,154.07,57305730,155.49,156.11,153.95,390
09/10/2021,148.97,140893200,155.00,155.48,148.70,391
09/13/2021,149.55,102404300,150.63,151.42,148.75,392
09/14/2021,148.12,109296300,150.35,151.07,146.91,393
09/15/2021,149.03,83281320,148.56,149.44,146.37,394
09/16/2021,148.79,68034150,148.44,148.97,147.22,395
09/17/2021,146.06,129868800,148.82,148.82,145.76,396
09/20/2021,142.94,123478900,143.80,144.84,141.27,397
09/21/2021,143.43,75833960,143.93,144.60,142.78,398
09/22/2021,145.85,76404340,144.45,146.43,143.70,399
09/23/2021,146.83,64838170,146.65,147.08,145.64,400
09/24/2021,146.92,53477870,145.66,147.47,145.56,401
09/27/2021,145.37,74150730,145.47,145.96,143.82,402
09/28/2021,141.91,108972300,143.25,144.75,141.69,403
09/29/2021,142.83,74602040,142.47,144.45,142.03,404
09/30/2021,141.50,89056660,143.66,144.38,141.28,405
10/01/2021,142.65,94639580,141.90,142.92,139.11,406
10/04/2021,139.14,98322010,141.76,142.21,138.27,407
10/05/2021,141.11,80861060,139.49,142.24,139.36,408
10/06/2021,142.00,83221120,139.47,142.15,138.37,409
10/07/2021,143.29,61732660,143.06,144.22,142.72,410
10/08/2021,142.90,58773160,144.03,144.18,142.56,411
10/11/2021,142.81,64452220,142.27,144.81,141.81,412
10/12/2021,141.51,73035860,143.23,143.25,141.04,413
10/13/2021,140.91,78762720,141.24,141.40,139.20,414
10/14/2021,143.76,69907100,142.11,143.88,141.51,415
10/15/2021,144.84,67940330,143.77,144.90,143.51,416
10/18/2021,146.55,85589180,143.45,146.84,143.16,417
10/19/2021,148.76,76378890,147.01,149.17,146.55,418
10/20/2021,149.26,58418790,148.70,149.75,148.12,419
10/21/2021,149.48,61420990,148.81,149.64,147.87,420
10/22/2021,148.69,58883440,149.69,150.18,148.64,421
10/25/2021,148.64,50720560,148.68,149.37,147.62,422
10/26/2021,149.32,60893400,149.33,150.84,149.01,423
10/27/2021,148.85,56094930,149.36,149.73,148.49,424
10/28/2021,152.57,100077900,149.82,153.17,149.72,425
10/29/2021,149.80,124953200,147.22,149.94,146.41,426
11/01/2021,148.96,74588260,148.99,149.70,147.80,427
11/02/2021,150.02,69121990,148.66,151.57,148.65,428
11/03/2021,151.49,54511530,150.39,151.97,149.82,429
11/04/2021,150.96,60394620,151.58,152.43,150.64,430
11/05/2021,151.28,65463880,151.89,152.20,150.06,431
11/08/2021,150.44,55020870,151.41,151.57,150.16,432
11/09/2021,150.81,56787930,150.20,151.43,150.06,433
11/10/2021,147.92,65187090,150.02,150.13,147.85,434
11/11/2021,147.87,40999950,148.96,149.43,147.68,435
11/12/2021,149.99,63804010,148.43,150.40,147.48,436
11/15/2021,150.00,59222800,150.37,151.88,149.43,437
11/16/2021,151.00,59256210,149.94,151.49,149.34,438
11/17/2021,153.49,88807000,151.00,155.00,150.99,439
11/18/2021,157.87,137827700,153.71,158.67,153.05,440
11/19/2021,160.55,117305600,157.65,161.02,156.53,441
11/22/2021,161.02,117467900,161.68,165.70,161.00,442
11/23/2021,161.41,96041900,161.12,161.80,159.06,443
11/24/2021,161.94,69463620,160.75,162.14,159.64,444
11/26/2021,156.81,76959750,159.57,160.45,156.36,445
11/29/2021,160.24,88748220,159.37,161.19,158.79,446
11/30/2021,165.30,174048100,159.99,165.52,159.92,447
12/01/2021,164.77,152423000,167.48,170.30,164.53,448
12/02/2021,163.76,136739200,158.74,164.20,157.80,449
12/03/2021,161.84,118023100,164.02,164.96,159.72,450
12/06/2021,165.32,107497000,164.29,167.88,164.28,451
12/07/2021,171.18,120405400,169.08,171.58,168.34,452
12/08/2021,175.08,116998900,172.13,175.96,170.70,453
12/09/2021,174.56,108923700,174.91,176.75,173.92,454
12/10/2021,179.45,115402700,175.21,179.63,174.69,455
12/13/2021,175.74,153237000,181.12,182.13,175.53,456
12/14/2021,174.33,139380400,175.25,177.74,172.21,457
12/15/2021,179.30,131063300,175.11,179.50,172.31,458
12/16/2021,172.26,150185800,179.28,181.14,170.75,459
12/17/2021,171.14,195923400,169.93,173.47,169.69,460
12/20/2021,169.75,107499100,168.28,170.58,167.46,461
12/21/2021,172.99,91185910,171.56,173.20,169.12,462
12/22/2021,175.64,92135300,173.04,175.86,172.15,463
12/23/2021,176.28,68356570,175.85,176.85,175.27,464
12/27/2021,180.33,74919580,177.09,180.42,177.07,465
12/28/2021,179.29,79144340,180.16,181.33,178.53,466
12/29/2021,179.38,62348930,179.33,180.63,178.14,467
12/30/2021,178.20,59773010,179.47,180.57,178.09,468
12/31/2021,177.57,64062260,178.09,179.23,177.26,469
01/03/2022,182.01,104701200,177.83,182.88,177.71,470
01/04/2022,179.70,99310440,182.63,182.94,179.12,471
01/05/2022,174.92,94537600,179.61,180.17,174.64,472
01/06/2022,172.00,96903960,172.70,175.30,171.64,473
01/07/2022,172.17,86709150,172.89,174.14,171.03,474
01/10/2022,172.19,106765600,169.08,172.50,168.17,475
01/11/2022,175.08,76138310,172.32,175.18,170.82,476
01/12/2022,175.53,74805170,176.12,177.18,174.82,477
01/13/2022,172.19,84505760,175.78,176.62,171.79,478
01/14/2022,173.07,80440780,171.34,173.78,171.09,479
01/18/2022,169.80,91168730,171.51,172.54,169.41,480
01/19/2022,166.23,94814990,170.00,171.08,165.94,481
01/20/2022,164.51,91420520,166.98,169.68,164.18,482
01/21/2022,162.41,122848900,164.42,166.33,162.30,483
01/24/2022,161.62,162706700,160.02,162.30,154.70,484
01/25/2022,159.78,115798400,158.98,162.76,157.02,485
01/26/2022,159.69,108275300,163.50,164.39,157.82,486
01/27/2022,159.22,121954600,162.45,163.84,158.28,487
01/28/2022,170.33,179935700,165.71,170.35,162.80,488
01/31/2022,174.78,115541600,170.16,175.00,169.51,489
02/01/2022,174.61,86213910,174.01,174.84,172.31,490
02/02/2022,175.84,84914260,174.75,175.88,173.33,491
02/03/2022,172.90,89418070,174.48,176.24,172.12,492
02/04/2022,172.39,82465400,171.68,174.10,170.68,493
02/07/2022,171.66,77251200,172.86,173.95,170.95,494
02/08/2022,174.83,74829220,171.73,175.35,171.43,495
02/09/2022,176.28,71285040,176.05,176.65,174.90,496
02/10/2022,172.12,90865900,174.14,175.48,171.55,497
02/11/2022,168.64,98670690,172.33,173.08,168.04,498
02/14/2022,168.88,86185530,167.37,169.58,166.56,499
02/15/2022,172.79,64286320,170.97,172.95,170.25,500
02/16/2022,172.55,61177400,171.85,173.34,170.05,501
02/17/2022,168.88,69589340,171.03,171.91,168.47,502
02/18/2022,167.30,82772670,169.82,170.54,166.19,503
02/22/2022,164.32,91162760,164.98,166.69,162.15,504
02/23/2022,160.07,90009250,165.54,166.15,159.75,505
02/24/2022,162.74,141147500,152.58,162.85,152.00,506
02/25/2022,164.85,91974220,163.84,165.12,160.87,507
02/28/2022,165.12,95056630,163.06,165.42,162.43,508
03/01/2022,163.20,83474430,164.70,166.60,161.97,509
03/02/2022,166.56,79724750,164.39,167.36,162.95,510
03/03/2022,166.23,76678440,168.47,168.91,165.55,511
03/04/2022,163.17,83819590,164.49,165.55,162.10,512
03/07/2022,159.30,96418850,163.36,165.02,159.04,513
03/08/2022,157.44,131148300,158.82,162.88,155.80,514
03/09/2022,162.95,91454910,161.48,163.41,159.41,515
03/10/2022,158.52,105342000,160.20,160.39,155.98,516
03/11/2022,154.73,96970100,158.93,159.28,154.50,517
03/14/2022,150.62,108732100,151.45,154.12,150.10,518
03/15/2022,155.09,92964300,150.90,155.57,150.38,519
03/16/2022,159.59,102300200,157.05,160.00,154.46,520
03/17/2022,160.62,75615380,158.61,161.00,157.63,521
03/18/2022,163.98,123511700,160.51,164.48,159.76,522
03/21/2022,165.38,95811350,163.51,166.35,163.02,523
03/22/2022,168.82,81532010,165.51,169.42,164.91,524
03/23/2022,170.21,98062670,167.99,172.64,167.65,525
03/24/2022,174.07,90131420,171.06,174.14,170.21,526
03/25/2022,174.72,80546160,173.88,175.28,172.75,527
03/28/2022,175.60,90371920,172.17,175.73,172.00,528
03/29/2022,178.96,100589400,176.69,179.01,176.34,529
03/30/2022,177.77,92633150,178.55,179.61,176.70,530
03/31/2022,174.61,103049300,177.84,178.03,174.40,531
04/01/2022,174.31,78751330,174.03,174.88,171.94,532
04/04/2022,178.44,76545980,174.57,178.49,174.44,533
04/05/2022,175.06,73401790,177.50,178.30,174.42,534
04/06/2022,171.83,89058780,172.36,173.63,170.13,535
04/07/2022,172.14,77594650,171.16,173.36,169.85,536
04/08/2022,170.09,76575510,171.78,171.78,169.20,537
04/11/2022,165.75,72246710,168.71,169.03,165.50,538
04/12/2022,167.66,79265180,168.02,169.87,166.64,539
04/13/2022,170.40,70618930,167.39,171.04,166.77,540
04/14/2022,165.29,75329380,170.62,171.27,165.04,541
04/18/2022,165.07,69023940,163.92,166.60,163.57,542
04/19/2022,167.40,67723830,165.02,167.82,163.91,543
04/20/2022,167.23,67929810,168.76,168.88,166.10,544
04/21/2022,166.42,87227770,168.91,171.53,165.91,545
04/22/2022,161.79,84882420,166.46,167.87,161.50,546
04/25/2022,162.88,96046380,161.12,163.17,158.46,547
04/26/2022,156.80,95623240,162.25,162.34,156.72,548
04/27/2022,156.57,88063190,155.91,159.79,155.38,549
04/28/2022,163.64,130216800,159.25,164.52,158.93,550
04/29/2022,157.65,131747600,161.84,166.20,157.25,551
05/02/2022,157.96,123055300,156.71,158.23,153.27,552
05/03/2022,159.48,88966530,158.15,160.71,156.32,553
05/04/2022,166.02,108256500,159.67,166.48,159.26,554
05/05/2022,156.77,130525300,163.85,164.08,154.95,555
05/06/2022,157.28,116124600,156.01,159.44,154.18,556
05/09/2022,152.06,131577900,154.93,155.83,151.49,557
05/10/2022,154.51,115366700,155.52,156.74,152.93,558
05/11/2022,146.50,142689800,153.50,155.45,145.81,559
05/12/2022,142.56,182602000,142.77,146.20,138.80,560
05/13/2022,147.11,113990900,144.59,148.11,143.11,561
05/16/2022,145.54,86643780,145.55,147.52,144.18,562
05/17/2022,149.24,78336250,148.86,149.77,146.68,563
05/18/2022,140.82,109742900,146.85,147.36,139.90,564
05/19/2022,137.35,136095600,139.88,141.66,136.60,565
05/20/2022,137.59,137426100,139.09,140.70,132.61,566
05/23/2022,143.11,117726300,137.79,143.26,137.65,567
05/24/2022,140.36,104132700,140.81,141.97,137.33,568
05/25/2022,140.52,92482700,138.43,141.79,138.34,569
05/26/2022,143.78,90601550,137.39,144.34,137.14,570
05/27/2022,149.64,90978500,145.39,149.68,145.26,571
05/31/2022,148.84,103718400,149.07,150.66,146.84,572
06/01/2022,148.71,74286640,149.90,151.74,147.68,573
06/02/2022,151.21,72348060,147.83,151.27,146.86,574
06/03/2022,145.38,88570290,146.90,147.97,144.46,575
06/06/2022,146.14,71598380,147.03,148.57,144.90,576
06/07/2022,148.71,67808150,144.35,149.00,144.10,577
06/08/2022,147.96,53950200,148.58,149.87,147.46,578
06/09/2022,142.64,69472980,147.08,147.95,142.53,579
06/10/2022,137.13,91566640,140.28,140.76,137.06,580
06/13/2022,131.88,122207100,132.87,135.20,131.44,581
06/14/2022,132.76,84784330,133.13,133.89,131.48,582
06/15/2022,135.43,91532970,134.29,137.34,132.16,583
06/16/2022,130.06,107961500,132.08,132.39,129.04,584
06/17/2022,131.56,134520300,130.07,133.08,129.81,585
06/21/2022,135.87,81000490,133.42,137.06,133.32,586
06/22/2022,135.35,73409230,134.79,137.76,133.91,587
06/23/2022,138.27,72433770,136.82,138.59,135.63,588
06/24/2022,141.66,89116840,139.90,141.91,139.77,589
06/27/2022,141.66,70207910,142.70,143.49,140.97,590
06/28/2022,137.44,67315330,142.13,143.42,137.33,591
06/29/2022,139.23,66242410,137.46,140.67,136.67,592
06/30/2022,136.72,98964470,137.25,138.37,133.77,593
07/01/2022,138.93,71051550,136.04,139.04,135.66,594
07/05/2022,141.56,73429640,137.77,141.61,136.93,595
07/06/2022,142.92,74064250,141.36,144.12,141.08,596
07/07/2022,146.35,66253710,143.29,146.55,143.28,597
07/08/2022,147.04,64547800,145.27,147.55,145.00,598
07/11/2022,144.87,63305110,145.67,146.64,143.78,599
07/12/2022,145.86,77588760,145.76,148.45,145.05,600
07/13/2022,145.49,71185560,142.99,146.45,142.12,601
07/14/2022,148.47,78140740,144.08,148.95,143.25,602
07/15/2022,150.17,76259930,149.78,150.86,148.20,603
07/18/2022,147.07,81420870,150.74,151.57,146.70,604
07/19/2022,151.00,82982370,147.92,151.23,146.91,605
07/20/2022,153.04,64823410,151.12,153.72,150.37,606
07/21/2022,155.35,65086640,154.50,155.57,151.94,607
07/22/2022,154.09,66675410,155.39,156.28,153.41,608
07/25/2022,152.95,53623950,154.01,155.04,152.28,609
07/26/2022,151.60,55138690,152.27,153.09,150.80,610
07/27/2022,156.79,78620690,152.58,157.33,152.16,611
07/28/2022,157.35,81378730,156.98,157.64,154.41,612
07/29/2022,162.51,101786900,161.24,163.63,159.50,613
08/01/2022,161.51,67829380,161.01,163.59,160.89,614
08/02/2022,160.01,59907030,160.10,162.41,159.63,615
08/03/2022,166.13,82507490,160.84,166.59,160.75,616
08/04/2022,165.81,55474140,166.01,167.19,164.43,617
08/05/2022,165.35,56696990,163.21,165.85,163.00,618
08/08/2022,164.87,60362340,166.37,167.81,164.20,619
08/09/2022,164.92,63135500,164.02,165.82,163.25,620
08/10/2022,169.24,70170540,167.68,169.34,166.90,621
08/11/2022,168.49,57149160,170.06,170.99,168.19,622
08/12/2022,172.10,68039380,169.82,172.17,169.40,623
08/15/2022,173.19,54091690,171.52,173.39,171.35,624
08/16/2022,173.03,56377050,172.78,173.71,171.66,625
08/17/2022,174.55,79542040,172.77,176.15,172.57,626
08/18/2022,174.15,62290080,173.75,174.90,173.12,627
08/19/2022,171.52,70346300,173.03,173.74,171.31,628
08/22/2022,167.57,69026810,169.69,169.86,167.14,629
08/23/2022,167.23,54147080,167.08,168.71,166.65,630
08/24/2022,167.53,53841520,167.32,168.11,166.25,631
08/25/2022,170.03,51218210,168.78,170.14,168.35,632
08/26/2022,163.62,78960980,170.57,171.05,163.56,633
08/29/2022,161.38,73313950,161.15,162.90,159.82,634
08/30/2022,158.91,77906200,162.13,162.56,157.72,635
08/31/2022,157.22,87991090,160.31,160.58,157.14,636
09/01/2022,157.96,74229900,156.64,158.42,154.67,637
09/02/2022,155.81,76957770,159.75,160.36,154.97,638
09/06/2022,154.53,73714840,156.47,157.09,153.69,639
09/07/2022,155.96,87449570,154.83,156.67,153.61,640
09/08/2022,154.46,84923850,154.64,156.36,152.68,641
09/09/2022,157.37,68081010,155.47,157.82,154.75,642
09/12/2022,163.43,104956000,159.59,164.26,159.30,643
09/13/2022,153.84,122656600,159.90,160.54,153.37,644
09/14/2022,155.31,87965410,154.79,157.10,153.61,645
09/15/2022,152.37,90481110,154.65,155.24,151.38,646
09/16/2022,150.70,162278800,151.21,151.35,148.37,647
09/19/2022,154.48,81474250,149.31,154.56,149.10,648
09/20/2022,156.90,107689800,153.40,158.08,153.08,649
09/21/2022,153.72,101696800,157.34,158.74,153.60,650
09/22/2022,152.74,86652540,152.38,154.47,150.91,651
09/23/2022,150.43,96029910,151.19,151.47,148.56,652
09/26/2022,150.77,93339410,149.66,153.77,149.64,653
09/27/2022,151.76,84442740,152.74,154.72,149.95,654
09/28/2022,149.84,146691400,147.64,150.64,144.84,655
09/29/2022,142.48,128138200,146.10,146.72,140.68,656
09/30/2022,138.20,124925300,141.28,143.10,138.00,657
10/03/2022,142.45,114311700,138.21,143.07,137.69,658
10/04/2022,146.10,87830060,145.03,146.22,144.26,659
10/05/2022,146.40,79470970,144.08,147.38,143.01,660
10/06/2022,145.43,68402170,145.81,147.54,145.22,661
10/07/2022,140.09,85925560,142.54,143.10,139.45,662
10/10/2022,140.42,74899000,140.42,141.89,138.57,663
10/11/2022,138.98,77033670,139.90,141.35,138.22,664
10/12/2022,138.34,70433740,139.13,140.36,138.16,665
10/13/2022,142.99,113224000,134.99,143.59,134.37,666
10/14/2022,138.38,88597970,144.31,144.52,138.19,667
10/17/2022,142.41,85250940,141.07,142.90,140.27,668
10/18/2022,143.75,99136610,145.49,146.70,140.61,669
10/19/2022,143.86,61758340,141.69,144.95,141.50,670
10/20/2022,143.39,64521990,143.02,145.89,142.65,671
10/21/2022,147.27,86548610,142.87,147.85,142.65,672
10/24/2022,149.45,75981920,147.19,150.23,146.00,673
10/25/2022,152.34,74732290,150.09,152.49,149.36,674
10/26/2022,149.35,88436170,150.96,151.99,148.04,675
10/27/2022,144.80,109180200,148.07,149.05,144.13,676
10/28/2022,155.74,164762400,148.20,157.50,147.82,677
10/31/2022,153.34,97943170,153.16,154.24,151.92,678
11/01/2022,150.65,80379350,155.08,155.45,149.13,679
11/02/2022,145.03,93604620,148.95,152.17,145.00,680
11/03/2022,138.88,97918520,142.06,142.80,138.75,681
11/04/2022,138.38,140814800,142.09,142.67,134.38,682
11/07/2022,138.92,83374630,137.11,139.15,135.67,683
11/08/2022,139.50,89908480,140.41,141.43,137.49,684
11/09/2022,134.87,74917790,138.50,138.55,134.59,685
11/10/2022,146.87,118854000,141.24,146.87,139.50,686
11/11/2022,149.70,93979670,145.82,150.01,144.37,687
11/14/2022,148.28,73374110,148.97,150.28,147.43,688
11/15/2022,150.04,89868330,152.22,153.59,148.56,689
11/16/2022,148.79,64218270,149.13,149.87,147.29,690
11/17/2022,150.72,80389400,146.43,151.48,146.15,691
11/18/2022,151.29,74829570,152.31,152.70,149.97,692
11/21/2022,148.01,58724070,150.16,150.37,147.72,693
11/22/2022,150.18,51804130,148.13,150.42,146.93,694
11/23/2022,151.07,58301400,149.45,151.83,149.34,695
11/25/2022,148.11,35195860,148.31,148.88,147.12,696
11/28/2022,144.22,69346520,145.14,146.64,143.38,697
11/29/2022,141.17,83763800,144.29,144.81,140.36,698
11/30/2022,148.03,111380900,141.40,148.72,140.55,699
12/01/2022,148.31,71250420,148.21,149.13,146.61,700
12/02/2022,147.81,65447450,145.96,148.00,145.65,701
12/05/2022,146.63,68826440,147.77,150.92,145.77,702
12/06/2022,142.91,64727190,147.08,147.30,141.92,703
12/07/2022,140.94,69721090,142.19,143.37,140.00,704
12/08/2022,142.65,62128340,142.36,143.52,141.10,705
12/09/2022,142.16,76097010,142.34,145.57,140.90,706
12/12/2022,144.49,70462650,142.70,144.50,141.06,707
12/13/2022,145.47,93886160,149.50,149.97,144.24,708
12/14/2022,143.21,82291180,145.35,146.66,141.16,709
12/15/2022,136.50,98931910,141.11,141.80,136.03,710
12/16/2022,134.51,160156900,136.69,137.65,133.73,711
12/19/2022,132.37,79592610,135.11,135.20,131.32,712
12/20/2022,132.30,77432820,131.39,133.25,129.89,713
12/21/2022,135.45,85927990,132.98,136.81,132.75,714
12/22/2022,132.23,77852110,134.35,134.56,130.30,715
12/23/2022,131.86,63814890,130.92,132.42,129.64,716
12/27/2022,130.03,69007830,131.38,131.41,128.72,717
12/28/2022,126.04,85438390,129.67,131.03,125.87,718
12/29/2022,129.61,75703710,127.99,130.48,127.73,719
12/30/2022,129.93,77034210,128.41,129.95,127.43,720
01/03/2023,125.07,112117500,130.28,130.90,124.17,721
01/04/2023,126.36,89113630,126.89,128.66,125.08,722
01/05/2023,125.02,80962710,127.13,127.77,124.76,723
01/06/2023,129.62,87754720,126.01,130.29,124.89,724
01/09/2023,130.15,70790810,130.47,133.41,129.89,725
01/10/2023,130.73,63896160,130.26,131.26,128.12,726
01/11/2023,133.49,69458950,131.25,133.51,130.46,727
01/12/2023,133.41,71379650,133.88,134.26,131.44,728
01/13/2023,134.76,57809720,132.03,134.92,131.66,729
01/17/2023,135.94,63646630,134.83,137.29,134.13,730
01/18/2023,135.21,69672800,136.82,138.61,135.03,731
01/19/2023,135.27,58280410,134.08,136.25,133.77,732
01/20/2023,137.87,80223630,135.28,138.02,134.22,733
01/23/2023,141.11,81760310,138.12,143.32,137.90,734
01/24/2023,142.53,66435140,140.31,143.16,140.30,735
01/25/2023,141.86,65799350,140.89,142.43,138.81,736
01/26/2023,143.96,54105070,143.17,144.25,141.90,737
01/27/2023,145.93,70555840,143.16,147.23,143.08,738
01/30/2023,143.00,64015270,144.96,145.55,142.85,739
01/31/2023,144.29,65874460,142.70,144.34,142.28,740
02/01/2023,145.43,77663630,143.97,146.61,141.32,741
02/02/2023,150.82,118339000,148.90,151.18,148.17,742
02/03/2023,154.50,154357300,148.03,157.38,147.83,743
02/06/2023,151.73,69858310,152.58,153.10,150.78,744
02/07/2023,154.65,83322550,150.64,155.23,150.64,745
02/08/2023,151.92,64120080,153.88,154.58,151.17,746
02/09/2023,150.87,56007140,153.78,154.33,150.42,747
02/10/2023,151.01,57450710,149.46,151.34,149.22,748
02/13/2023,153.85,62199010,150.95,154.26,150.92,749
02/14/2023,153.20,61707570,152.12,153.77,150.86,750
02/15/2023,155.33,65669250,153.11,155.50,152.88,751
02/16/2023,153.71,68167940,153.51,156.33,153.35,752
02/17/2023,152.55,59144120,152.35,153.00,150.85,753
02/21/2023,148.48,58867230,150.20,151.30,148.41,754
02/22/2023,148.91,51011310,148.87,149.95,147.16,755
02/23/2023,149.40,48394250,150.09,150.34,147.24,756
02/24/2023,146.71,55469610,147.11,147.19,145.72,757
02/27/2023,147.92,44998470,147.71,149.17,147.45,758
02/28/2023,147.41,50547000,147.05,149.08,146.83,759
03/01/2023,145.31,55478990,146.83,147.23,145.01,760
03/02/2023,145.91,52279760,144.38,146.71,143.90,761
03/03/2023,151.03,70732300,148.05,151.11,147.33,762
03/06/2023,153.83,87558030,153.79,156.30,153.46,763
03/07/2023,151.60,56182030,153.70,154.03,151.13,764
03/08/2023,152.87,47204790,152.81,153.47,151.83,765
03/09/2023,150.59,53833580,153.56,154.54,150.23,766
03/10/2023,148.50,68572400,150.21,150.94,147.61,767
03/13/2023,150.47,84457120,147.81,153.14,147.70,768
03/14/2023,152.59,73695890,151.28,153.40,150.10,769
03/15/2023,152.99,77167870,151.19,153.25,149.92,770
03/16/2023,155.85,76254420,152.16,156.46,151.64,771
03/17/2023,155.00,98944630,156.08,156.74,154.28,772
03/20/2023,157.40,73641420,155.07,157.82,154.15,773
03/21/2023,159.28,73938290,157.32,159.40,156.54,774
03/22/2023,157.83,75701810,159.30,162.14,157.81,775
03/23/2023,158.93,67622060,158.83,161.55,157.68,776
03/24/2023,160.25,59256340,158.86,160.34,157.85,777
03/27/2023,158.28,52390270,159.94,160.77,157.87,778
03/28/2023,157.65,45992150,157.97,158.49,155.98,779
03/29/2023,160.77,51305690,159.37,161.05,159.35,780
03/30/2023,162.36,49501690,161.53,162.47,161.27,781
03/31/2023,164.90,68749790,162.44,165.00,161.91,782
04/03/2023,166.17,56976190,164.27,166.29,164.22,783
04/04/2023,165.63,46278300,166.60,166.84,165.11,784
04/05/2023,163.76,51511740,164.74,165.05,161.80,785
04/06/2023,164.66,45390120,162.43,164.96,162.00,786
04/10/2023,162.03,47716880,161.42,162.03,160.08,787
04/11/2023,160.80,47644220,162.35,162.36,160.51,788
04/12/2023,160.10,50133060,161.22,162.06,159.78,789
04/13/2023,165.56,68445650,161.63,165.80,161.42,790
04/14/2023,165.21,49386480,164.59,166.32,163.82,791
04/17/2023,165.23,41516220,165.09,165.39,164.03,792
04/18/2023,166.47,49923010,166.10,167.41,165.65,793
04/19/2023,167.63,47720170,165.80,168.16,165.54,794
04/20/2023,166.65,52456380,166.09,167.87,165.56,795
04/21/2023,165.02,58337340,165.05,166.45,164.49,796
04/24/2023,165.33,41949580,165.00,165.60,163.89,797
04/25/2023,163.77,48714060,165.19,166.31,163.73,798
04/26/2023,163.76,45498800,163.06,165.28,162.80,799
04/27/2023,168.41,64902330,165.19,168.56,165.19,800
04/28/2023,169.68,55275850,168.49,169.85,167.88,801
05/01/2023,169.59,52472940,169.28,170.45,168.64,802
05/02/2023,168.54,48425700,170.09,170.35,167.54,803
05/03/2023,167.45,65136020,169.50,170.92,167.16,804
05/04/2023,165.79,81235430,164.89,167.04,164.31,805
05/05/2023,173.57,113453200,170.98,174.30,170.76,806
05/08/2023,173.50,55962790,172.48,173.85,172.11,807
05/09/2023,171.77,45326870,173.05,173.54,171.60,808
05/10/2023,173.56,53724500,173.02,174.03,171.90,809
05/11/2023,173.75,49514680,173.85,174.59,172.17,810
05/12/2023,172.57,45533140,173.62,174.06,171.00,811
05/15/2023,172.07,37266660,173.16,173.21,171.47,812
05/16/2023,172.07,42110290,171.99,173.14,171.80,813
05/17/2023,172.69,57951600,171.71,172.93,170.42,814
05/18/2023,175.05,65496660,173.00,175.24,172.58,815
05/19/2023,175.16,55809480,176.39,176.39,174.94,816
05/22/2023,174.20,43570930,173.98,174.71,173.45,817
05/23/2023,171.56,50747260,173.13,173.38,171.28,818
05/24/2023,171.84,45143490,171.09,172.42,170.52,819
05/25/2023,172.99,56058260,172.41,173.90,171.69,820
05/26/2023,175.43,54834980,173.32,175.77,173.11,821
05/30/2023,177.30,55964400,176.96,178.99,176.57,822
05/31/2023,177.25,99625290,177.33,179.35,176.76,823
06/01/2023,180.09,68901810,177.70,180.12,176.93,824
06/02/2023,180.95,61996910,181.03,181.78,179.26,825
06/05/2023,179.58,121946500,182.63,184.95,178.04,826
06/06/2023,179.21,64848370,179.97,180.12,177.43,827
06/07/2023,177.82,61944620,178.44,181.21,177.32,828
06/08/2023,180.57,50214880,177.90,180.84,177.46,829
06/09/2023,180.96,48899970,181.50,182.23,180.63,830
06/12/2023,183.79,54755000,181.27,183.89,180.97,831
06/13/2023,183.31,54929130,182.80,184.15,182.44,832
06/14/2023,183.95,57462880,183.37,184.39,182.02,833
06/15/2023,186.01,65433170,183.96,186.52,183.78,834
06/16/2023,184.92,101256200,186.73,186.99,184.27,835
06/20/2023,185.01,49799090,184.41,186.10,184.41,836
06/21/2023,183.96,49515700,184.90,185.41,182.59,837
06/22/2023,187.00,51245330,183.74,187.05,183.67,838
06/23/2023,186.68,53117000,185.55,187.56,185.01,839
06/26/2023,185.27,48088660,186.83,188.05,185.23,840
06/27/2023,188.06,50730850,185.89,188.39,185.67,841
06/28/2023,189.25,51216800,187.93,189.90,187.60,842
06/29/2023,189.59,46347310,189.08,190.07,188.94,843
06/30/2023,193.97,85213220,191.63,194.48,191.26,844
07/03/2023,192.46,31346600,193.78,193.88,191.76,845
07/05/2023,191.33,46920260,191.57,192.98,190.62,846
07/06/2023,191.81,45156010,189.84,192.02,189.20,847
07/07/2023,190.68,46815000,191.41,192.67,190.24,848
07/10/2023,188.61,59922160,189.26,189.99,187.04,849
07/11/2023,188.08,46638120,189.16,189.30,186.60,850
07/12/2023,189.77,60750250,189.68,191.70,188.47,851
07/13/2023,190.54,41342340,190.50,191.19,189.78,852
07/14/2023,190.69,41616240,190.23,191.18,189.63,853
07/17/2023,193.99,50520160,191.90,194.32,191.81,854
07/18/2023,193.73,48353770,193.35,194.33,192.42,855
07/19/2023,195.10,80507320,193.10,198.23,192.65,856
07/20/2023,193.13,59581200,195.09,196.47,192.50,857
07/21/2023,191.94,71951680,194.10,194.97,191.23,858
07/24/2023,192.75,45505100,193.41,194.91,192.25,859
07/25/2023,193.62,37283200,193.33,194.44,192.92,860
07/26/2023,194.50,47471870,193.67,195.64,193.32,861
07/27/2023,193.22,47460180,196.02,197.20,192.55,862
07/28/2023,195.83,48291440,194.67,196.63,194.14,863
07/31/2023,196.45,38824110,196.06,196.49,195.26,864
08/01/2023,195.61,35281430,196.24,196.73,195.28,865
08/02/2023,192.58,50389330,195.04,195.18,191.85,866
08/03/2023,191.17,62243280,191.57,192.37,190.69,867
08/04/2023,181.99,115956800,185.52,187.38,181.92,868
08/07/2023,178.85,97576070,182.13,183.13,177.35,869
08/08/2023,179.80,67823000,179.69,180.27,177.58,870
08/09/2023,178.19,60378490,180.87,180.93,177.01,871
08/10/2023,177.97,54686850,179.48,180.75,177.60,872
08/11/2023,177.79,52036670,177.32,178.62,176.55,873
08/14/2023,179.46,43675630,177.97,179.69,177.31,874
08/15/2023,177.45,43622590,178.88,179.48,177.05,875
08/16/2023,176.57,46964860,177.13,178.54,176.50,876
08/17/2023,174.00,66062880,177.14,177.51,173.48,877
08/18/2023,174.49,61172150,172.30,175.10,171.96,878
08/21/2023,175.84,46311880,175.07,176.13,173.74,879
08/22/2023,177.23,42084250,177.06,177.68,176.25,880
08/23/2023,181.12,52722750,178.52,181.55,178.33,881
08/24/2023,176.38,54945800,180.67,181.10,176.01,882
08/25/2023,178.61,51449590,177.38,179.15,175.82,883
08/28/2023,180.19,43820700,180.09,180.59,178.55,884
08/29/2023,184.12,53003950,179.70,184.90,179.50,885
08/30/2023,187.65,60813890,184.94,187.85,184.74,886
08/31/2023,187.87,60794470,187.84,189.12,187.48,887
09/01/2023,189.46,45766500,189.49,189.92,188.28,888
09/05/2023,189.70,45280030,188.28,189.98,187.61,889
09/06/2023,182.91,81755820,188.40,188.85,181.47,890
09/07/2023,177.56,112488800,175.18,178.21,173.54,891
09/08/2023,178.18,65602070,178.35,180.24,177.79,892
09/11/2023,179.36,58953050,180.07,180.30,177.34,893
09/12/2023,176.30,90370190,179.49,180.13,174.82,894
09/13/2023,174.21,84267930,176.51,177.30,173.98,895
09/14/2023,175.74,60895760,174.00,176.10,173.58,896
09/15/2023,175.01,109259500,176.48,176.50,173.82,897
09/18/2023,177.97,67257570,176.48,179.38,176.17,898
09/19/2023,179.07,51826940,177.52,179.63,177.13,899
09/20/2023,175.49,58436180,179.26,179.70,175.40,900
09/21/2023,173.93,63149120,174.55,176.30,173.86,901
09/22/2023,174.79,56725390,174.67,177.08,174.05,902
09/25/2023,176.08,46172740,174.20,176.97,174.15,903
09/26/2023,171.96,64588950,174.82,175.20,171.66,904
09/27/2023,170.43,66921810,172.62,173.04,169.05,905
09/28/2023,170.69,56294420,169.34,172.03,167.62,906
09/29/2023,171.21,51861080,172.02,173.07,170.34,907
10/02/2023,173.75,52164540,171.22,174.30,170.93,908
10/03/2023,172.40,49594610,172.26,173.63,170.82,909
10/04/2023,173.66,53020290,171.09,174.21,170.97,910
10/05/2023,174.91,48527920,173.79,175.45,172.68,911
10/06/2023,177.49,57266680,173.80,177.99,173.18,912
10/09/2023,178.99,42390770,176.81,179.05,175.80,913
10/10/2023,178.39,43698020,178.10,179.72,177.95,914
10/11/2023,179.80,47551100,178.20,179.85,177.60,915
10/12/2023,180.71,56743120,180.07,182.34,179.04,916
10/13/2023,178.85,51456080,181.42,181.93,178.14,917
10/16/2023,178.72,52516980,176.75,179.08,176.51,918
10/17/2023,177.15,57549350,176.65,178.42,174.80,919
10/18/2023,175.84,54764380,175.58,177.58,175.11,920
10/19/2023,175.46,59302860,176.04,177.84,175.19,921
10/20/2023,172.88,64244030,175.31,175.42,172.64,922
10/23/2023,173.00,55980110,170.91,174.01,169.93,923
10/24/2023,173.44,43816640,173.05,173.67,171.45,924
10/25/2023,171.10,57156960,171.88,173.06,170.65,925
10/26/2023,166.89,70625260,170.37,171.38,165.67,926
10/27/2023,168.22,58499130,166.91,168.96,166.83,927
10/30/2023,170.29,51130960,169.02,171.17,168.87,928
10/31/2023,170.77,44846020,169.35,170.90,167.90,929
11/01/2023,173.97,56934910,171.00,174.23,170.12,930
11/02/2023,177.57,77334750,175.52,177.78,175.46,931
11/03/2023,176.65,79829250,174.24,176.82,173.35,932
11/06/2023,179.23,63841310,176.38,179.43,176.21,933
11/07/2023,181.82,70529970,179.18,182.44,178.97,934
11/08/2023,182.89,49340280,182.35,183.45,181.59,935
11/09/2023,182.41,53763540,182.96,184.12,181.81,936
11/10/2023,186.40,66177920,183.97,186.57,183.53,937
11/13/2023,184.80,43627520,185.82,186.03,184.21,938
11/14/2023,187.44,60108380,187.70,188.11,186.30,939
11/15/2023,188.01,53790500,187.85,189.50,187.78,940
11/16/2023,189.71,54412920,189.57,190.96,188.65,941
11/17/2023,189.69,50941400,190.25,190.38,188.57,942
11/20/2023,191.45,46538610,189.89,191.91,189.88,943
11/21/2023,190.64,38134490,191.41,191.52,189.74,944
11/22/2023,191.31,39630010,191.49,192.93,190.83,945
11/24/2023,189.97,24048340,190.87,190.90,189.25,946
11/27/2023,189.79,40552610,189.92,190.67,188.90,947
11/28/2023,190.40,38415420,189.78,191.08,189.40,948
11/29/2023,189.37,43014220,190.90,192.09,188.97,949
11/30/2023,189.95,48794370,189.84,190.32,188.19,950
12/01/2023,191.24,45704820,190.33,191.56,189.23,951
12/04/2023,189.43,43389520,189.98,190.05,187.45,952
12/05/2023,193.42,66628400,190.21,194.40,190.18,953
12/06/2023,192.32,41089740,194.45,194.76,192.11,954
12/07/2023,194.27,47477660,193.63,195.00,193.59,955
12/08/2023,195.71,53406360,194.20,195.99,193.67,956
12/11/2023,193.18,60943700,193.11,193.49,191.42,957
12/12/2023,194.71,52696900,193.08,194.72,191.72,958
12/13/2023,197.96,70404180,195.09,198.00,194.85,959
12/14/2023,198.11,66831570,198.02,199.62,196.16,960
12/15/2023,197.57,128538400,197.53,198.40,197.00,961
12/18/2023,195.89,55751860,196.09,196.63,194.39,962
12/19/2023,196.94,40714050,196.16,196.95,195.89,963
12/20/2023,194.83,52242820,196.90,197.68,194.83,964
12/21/2023,194.68,46482550,196.10,197.08,193.50,965
12/22/2023,193.60,37149570,195.18,195.41,192.97,966
12/26/2023,193.05,28919310,193.61,193.89,192.83,967
12/27/2023,193.15,48087680,192.49,193.50,191.09,968
12/28/2023,193.58,34049900,194.14,194.66,193.17,969
12/29/2023,192.53,42672150,193.90,194.40,191.73,970
01/02/2024,185.64,82488670,187.15,188.44,183.89,971
01/03/2024,184.25,58414460,184.22,185.88,183.43,972
01/04/2024,181.91,71983570,182.15,183.09,180.88,973
01/05/2024,181.18,62379660,181.99,182.76,180.17,974
01/08/2024,185.56,59144470,182.09,185.60,181.50,975
01/09/2024,185.14,42841810,183.92,185.15,182.73,976
01/10/2024,186.19,46792910,184.35,186.40,183.92,977
01/11/2024,185.59,49128410,186.54,187.05,183.62,978
01/12/2024,185.92,40477780,186.06,186.74,185.19,979
01/16/2024,183.63,65603040,182.16,184.26,180.93,980
01/17/2024,182.68,47317430,181.27,182.93,180.30,981
01/18/2024,188.63,78005750,186.09,189.14,185.83,982
01/19/2024,191.56,68902990,189.33,191.95,188.82,983
01/22/2024,193.89,60133850,192.30,195.33,192.26,984
01/23/2024,195.18,42355590,195.02,195.75,193.83,985
01/24/2024,194.50,53631320,195.42,196.38,194.34,986
01/25/2024,194.17,54822130,195.22,196.27,193.11,987
01/26/2024,192.42,44594010,194.27,194.76,191.94,988
01/29/2024,191.73,47145620,192.01,192.20,189.58,989
01/30/2024,188.04,55859370,190.94,191.80,187.47,990
01/31/2024,184.40,55467800,187.04,187.10,184.35,991
02/01/2024,186.86,64885410,183.99,186.95,183.82,992
02/02/2024,185.85,102551700,179.86,187.33,179.25,993
02/05/2024,187.68,69668820,188.15,189.25,185.84,994
02/06/2024,189.30,43490760,186.86,189.31,186.77,995
02/07/2024,189.41,53438960,190.64,191.05,188.61,996
02/08/2024,188.32,40962050,189.39,189.54,187.35,997
02/09/2024,188.85,45155220,188.65,189.99,188.00,998
02/12/2024,187.15,41781930,188.42,188.67,186.79,999
02/13/2024,185.04,56529530,185.77,186.21,183.51,1000
02/14/2024,184.15,54630520,185.32,185.53,182.44,1001
02/15/2024,183.86,65434500,183.55,184.49,181.35,1002
02/16/2024,182.31,49752470,183.42,184.85,181.67,1003
02/20/2024,181.56,53665550,181.79,182.43,180.00,1004
02/21/2024,182.32,41529670,181.94,182.89,180.66,1005
02/22/2024,184.37,52292210,183.48,184.96,182.46,1006
02/23/2024,182.52,45119680,185.01,185.04,182.23,1007
02/26/2024,181.16,40867420,182.24,182.76,180.65,1008
02/27/2024,182.63,54318850,181.10,183.92,179.56,1009
02/28/2024,181.42,48953940,182.51,183.12,180.13,1010
02/29/2024,180.75,136682600,181.27,182.57,179.53,1011
03/01/2024,179.66,73563080,179.55,180.53,177.38,1012
03/04/2024,175.10,81510100,176.15,176.90,173.79,1013
03/05/2024,170.12,95132360,170.76,172.04,169.62,1014
03/06/2024,169.12,68587710,171.06,171.24,168.68,1015
03/07/2024,169.00,71765060,169.15,170.73,168.49,1016
03/08/2024,170.73,76267040,169.00,173.70,168.94,1017
03/11/2024,172.75,60139470,172.94,174.38,172.05,1018
03/12/2024,173.23,59825370,173.15,174.03,171.01,1019
03/13/2024,171.13,52488690,172.77,173.19,170.76,1020
03/14/2024,173.00,72913510,172.91,174.31,172.05,1021
03/15/2024,172.62,121752700,171.17,172.62,170.29,1022
03/18/2024,173.72,75604180,175.57,177.71,173.52,1023
03/19/2024,176.08,55215240,174.34,176.61,173.03,1024
03/20/2024,178.67,53423100,175.72,178.67,175.09,1025
03/21/2024,171.37,106181300,177.05,177.49,170.84,1026
03/22/2024,172.28,71160140,171.76,173.05,170.06,1027
03/25/2024,170.85,54288330,170.57,171.94,169.45,1028
03/26/2024,169.71,57388450,170.00,171.42,169.58,1029
03/27/2024,173.31,60273270,170.41,173.60,170.11,1030
03/28/2024,171.48,65672690,171.75,172.23,170.51,1031
04/01/2024,170.03,46240500,171.19,171.25,169.48,1032
04/02/2024,168.84,49329480,169.08,169.34,168.23,1033
04/03/2024,169.65,47691720,168.79,170.68,168.58,1034
04/04/2024,168.82,53704390,170.29,171.92,168.82,1035
04/05/2024,169.58,42104830,169.59,170.39,168.95,1036
04/08/2024,168.45,37425510,169.03,169.20,168.24,1037
04/09/2024,169.67,42451210,168.70,170.08,168.35,1038
04/10/2024,167.78,49709340,168.80,169.09,167.11,1039
04/11/2024,175.04,91070280,168.34,175.46,168.16,1040
04/12/2024,176.55,101670900,174.26,178.36,174.21,1041
04/15/2024,172.69,73531770,175.36,176.63,172.50,1042
04/16/2024,169.38,73711240,171.75,173.76,168.27,1043
04/17/2024,168.00,50901210,169.61,170.65,168.00,1044
04/18/2024,167.04,43122900,168.03,168.64,166.55,1045
04/19/2024,165.00,68149380,166.21,166.40,164.08,1046
04/22/2024,165.84,48116440,165.52,167.26,164.77,1047
04/23/2024,166.90,49537760,165.35,167.05,164.92,1048
04/24/2024,169.02,48251840,166.54,169.30,166.21,1049
04/25/2024,169.89,50558330,169.53,170.61,168.15,1050
04/26/2024,169.30,44838350,169.88,171.34,169.18,1051
04/29/2024,173.50,68169420,173.37,176.03,173.10,1052
04/30/2024,170.33,65934780,173.33,174.99,170.00,1053
05/01/2024,169.30,50383150,169.58,172.71,169.11,1054
05/02/2024,173.03,94214920,172.51,173.42,170.89,1055
05/03/2024,183.38,163224100,186.65,187.00,182.66,1056
05/06/2024,181.71,78569670,182.35,184.20,180.42,1057
05/07/2024,182.40,77305770,183.45,184.90,181.32,1058
05/08/2024,182.74,45057090,182.85,183.07,181.45,1059
05/09/2024,184.57,48982970,182.56,184.66,182.11,1060
05/10/2024,183.05,50759500,184.90,185.09,182.13,1061
05/13/2024,186.28,72044810,185.44,187.10,184.62,1062
05/14/2024,187.43,52393620,187.51,188.30,186.29,1063
05/15/2024,189.72,70399990,187.91,190.65,187.37,1064
05/16/2024,189.84,52845230,190.47,191.10,189.66,1065
05/17/2024,189.87,41282930,189.51,190.81,189.18,1066
05/20/2024,191.04,44361280,189.33,191.92,189.01,1067
05/21/2024,192.35,42309400,191.09,192.73,190.92,1068
05/22/2024,190.90,34648550,192.27,192.82,190.27,1069
05/23/2024,186.88,51005920,190.98,191.00,186.63,1070
05/24/2024,189.98,36326980,188.82,190.58,188.04,1071
05/28/2024,189.99,52280050,191.51,193.00,189.10,1072
05/29/2024,190.29,53068020,189.61,192.25,189.51,1073
05/30/2024,191.29,49947940,190.76,192.18,190.63,1074
05/31/2024,192.25,75158280,191.44,192.57,189.91,1075
06/03/2024,194.03,50080540,192.90,194.99,192.52,1076
06/04/2024,194.35,47471450,194.64,195.32,193.03,1077
06/05/2024,195.87,54156790,195.40,196.90,194.87,1078
06/06/2024,194.48,41181750,195.69,196.50,194.17,1079
06/07/2024,196.89,53103910,194.65,196.94,194.14,1080
06/10/2024,193.12,97262080,196.90,197.30,192.15,1081
06/11/2024,207.15,172373300,193.65,207.16,193.63,1082
06/12/2024,213.07,198134300,207.37,220.20,206.90,1083
06/13/2024,214.24,97862730,214.74,216.75,211.60,1084
06/14/2024,212.49,70122750,213.85,215.17,211.30,1085
06/17/2024,216.67,93728300,213.37,218.95,212.72,1086
06/18/2024,214.29,79943250,217.59,218.63,213.00,1087
06/20/2024,209.68,86172450,213.93,214.24,208.85,1088
06/21/2024,207.49,246421400,210.39,211.89,207.11,1089
06/24/2024,208.14,80727010,207.72,212.70,206.59,1090
06/25/2024,209.07,56713870,209.15,211.38,208.61,1091
06/26/2024,213.25,66213190,211.50,214.86,210.64,1092
06/27/2024,214.10,49772710,214.69,215.74,212.35,1093
06/28/2024,210.62,82542720,215.77,216.07,210.30,1094
07/01/2024,216.75,60402930,212.09,217.51,211.92,1095
07/02/2024,220.27,58046180,216.15,220.38,215.10,1096
07/03/2024,221.55,37369800,220.00,221.55,219.03,1097
07/05/2024,226.34,60412410,221.65,226.45,221.65,1098
07/08/2024,227.82,59085860,227.09,227.85,223.25,1099
07/09/2024,228.68,48169820,227.93,229.40,226.37,1100
07/10/2024,232.98,62627690,229.30,233.08,229.25,1101
07/11/2024,227.57,64710620,231.39,232.39,225.77,1102
07/12/2024,230.54,53046530,228.92,232.64,228.68,1103
07/15/2024,234.40,62631250,236.48,237.23,233.09,1104
07/16/2024,234.82,43234280,235.00,236.27,232.33,1105
07/17/2024,228.88,57345880,229.45,231.46,226.64,1106
07/18/2024,224.18,66034590,230.28,230.44,222.27,1107
07/19/2024,224.31,49151450,224.82,226.80,223.28,1108
07/22/2024,223.96,48201840,227.01,227.78,223.09,1109
07/23/2024,225.01,39960260,224.37,226.94,222.68,1110
07/24/2024,218.54,61777580,224.00,224.80,217.13,1111
07/25/2024,217.49,51391200,218.93,220.85,214.62,1112
07/26/2024,217.96,41601350,218.70,219.49,216.01,1113
07/29/2024,218.24,36311780,216.96,219.30,215.75,1114
07/30/2024,218.80,41643840,219.19,220.33,216.12,1115
07/31/2024,222.08,50036260,221.44,223.82,220.63,1116
08/01/2024,218.36,62501000,224.37,224.48,217.02,1117
08/02/2024,219.86,105568600,219.15,225.60,217.71,1118
08/05/2024,209.27,119548600,199.09,213.50,196.00,1119
08/06/2024,207.23,69660490,205.30,209.99,201.07,1120
08/07/2024,209.82,63516420,206.90,213.64,206.39,1121
08/08/2024,213.31,47161150,213.11,214.20,208.83,1122
08/09/2024,216.24,42201650,212.10,216.78,211.97,1123
08/12/2024,217.53,38028090,216.07,219.51,215.60,1124
08/13/2024,221.27,44155330,219.01,221.89,219.01,1125
08/14/2024,221.72,41960570,220.57,223.03,219.70,1126
08/15/2024,224.72,46414010,224.60,225.35,222.76,1127
08/16/2024,226.05,44340240,223.92,226.83,223.65,1128
08/19/2024,225.89,40687810,225.72,225.99,223.04,1129
08/20/2024,226.51,30299030,225.77,227.17,225.45,1130
08/21/2024,226.40,34765480,226.52,227.98,225.05,1131
08/22/2024,224.53,43695320,227.79,228.34,223.90,1132
08/23/2024,226.84,38677250,225.66,228.22,224.33,1133
08/26/2024,227.18,30602210,226.76,227.28,223.89,1134
08/27/2024,228.03,35934560,226.00,228.85,224.89,1135
08/28/2024,226.49,38052170,227.92,229.86,225.68,1136
08/29/2024,229.79,51906300,230.10,232.92,228.88,1137
08/30/2024,229.00,52990770,230.19,230.40,227.48,1138
09/03/2024,222.77,50190570,228.55,229.00,221.17,1139
09/04/2024,220.85,43840200,221.66,221.78,217.48,1140
09/05/2024,222.38,36615400,221.63,225.48,221.52,1141
09/06/2024,220.82,48423010,223.95,225.24,219.77,1142
09/09/2024,220.91,67179970,220.82,221.27,216.71,1143
09/10/2024,220.11,51591030,218.92,221.48,216.73,1144
09/11/2024,222.66,44587070,221.46,223.09,217.89,1145
09/12/2024,222.77,37498230,222.50,223.55,219.82,1146
09/13/2024,222.50,36766620,223.58,224.04,221.91,1147
09/16/2024,216.32,59357430,216.54,217.22,213.92,1148
09/17/2024,216.79,45519340,215.75,216.90,214.50,1149
09/18/2024,220.69,59894930,217.55,222.71,217.54,1150
09/19/2024,228.87,66781320,224.99,229.82,224.63,1151
09/20/2024,228.20,318679900,229.97,233.09,227.62,1152
09/23/2024,226.47,54146020,227.34,229.45,225.81,1153
09/24/2024,227.37,43556070,228.65,229.35,225.73,1154
09/25/2024,226.37,42308720,224.93,227.29,224.02,1155
09/26/2024,227.52,36636710,227.30,228.50,225.41,1156
09/27/2024,227.79,34025970,228.46,229.52,227.30,1157
09/30/2024,233.00,54793390,230.04,233.00,229.65,1158
10/01/2024,226.21,63285050,229.52,229.65,223.74,1159
10/02/2024,226.78,32880610,225.89,227.37,223.02,1160
10/03/2024,225.67,34044160,225.14,226.81,223.32,1161
10/04/2024,226.80,37345100,227.90,228.00,224.13,1162
10/07/2024,221.69,39505350,224.50,225.69,221.33,1163
10/08/2024,225.77,31855690,224.30,225.98,223.25,1164
10/09/2024,229.54,33591090,225.23,229.75,224.83,1165
10/10/2024,229.04,28183540,227.78,229.50,227.17,1166
10/11/2024,227.55,31759190,229.30,229.41,227.34,1167
10/14/2024,231.30,39882090,228.70,231.73,228.60,1168
10/15/2024,233.85,64751370,233.61,237.49,232.37,1169
10/16/2024,231.78,34082240,231.60,232.12,229.84,1170
10/17/2024,232.15,32993810,233.43,233.85,230.52,1171
10/18/2024,235.00,46431470,236.18,236.18,234.01,1172
10/21/2024,236.48,36254470,234.45,236.85,234.45,1173
10/22/2024,235.86,38846580,233.89,236.22,232.60,1174
10/23/2024,230.76,52286980,234.08,235.14,227.76,1175
10/24/2024,230.57,31109500,229.98,230.82,228.41,1176
10/25/2024,231.41,38802300,229.74,233.22,229.57,1177
10/28/2024,233.40,36087130,233.32,234.73,232.55,1178
10/29/2024,233.67,35417250,233.10,234.33,232.32,1179
10/30/2024,230.10,47070910,232.61,233.47,229.55,1180
10/31/2024,225.91,64370090,229.34,229.83,225.37,1181
11/01/2024,222.91,65276740,220.97,225.35,220.27,1182
11/04/2024,222.01,44944470,220.99,222.79,219.71,1183
11/05/2024,223.45,28111340,221.80,223.95,221.14,1184
11/06/2024,222.72,54561120,222.61,226.07,221.19,1185
11/07/2024,227.48,42137690,224.63,227.88,224.57,1186
11/08/2024,226.96,38328820,227.17,228.66,226.41,1187
11/11/2024,224.23,42005600,225.00,225.70,221.50,1188
11/12/2024,224.23,40398300,224.55,225.59,223.36,1189
11/13/2024,225.12,48566220,224.01,226.65,222.76,1190
11/14/2024,228.22,44923940,225.02,228.87,225.00,1191
11/15/2024,225.00,47923700,226.40,226.92,224.27,1192
11/18/2024,228.02,44686020,225.25,229.74,225.17,1193
11/19/2024,228.28,36211770,226.98,230.16,226.66,1194
11/20/2024,229.00,35169570,228.06,229.93,225.89,1195
11/21/2024,228.52,42108330,228.88,230.16,225.71,1196
11/22/2024,229.87,38168250,228.06,230.72,228.06,1197
11/25/2024,232.87,90152830,231.46,233.25,229.74,1198
11/26/2024,235.06,45986190,233.33,235.57,233.33,1199
11/27/2024,234.93,33498440,234.47,235.69,233.81,1200
11/29/2024,237.33,28481380,234.81,237.81,233.97,1201
12/02/2024,239.59,48137100,237.27,240.79,237.16,1202
12/03/2024,242.65,38861020,239.81,242.76,238.90,1203
12/04/2024,243.01,44383940,242.87,244.11,241.25,1204
12/05/2024,243.04,40033880,243.99,244.54,242.13,1205
12/06/2024,242.84,36870620,242.91,244.63,242.08,1206
12/09/2024,246.75,44649230,241.83,247.24,241.75,1207
12/10/2024,247.77,36914810,246.89,248.21,245.34,1208
12/11/2024,246.49,45205810,247.96,250.80,246.26,1209
12/12/2024,247.96,32777530,246.89,248.74,245.68,1210
12/13/2024,248.13,33155290,247.82,249.29,246.24,1211
12/16/2024,251.04,51694750,247.99,251.38,247.65,1212
12/17/2024,253.48,51356360,250.08,253.83,249.78,1213
12/18/2024,248.05,56774100,252.16,254.28,247.74,1214
12/19/2024,249.79,60882260,247.50,252.00,247.09,1215
12/20/2024,254.49,147495300,248.04,255.00,245.69,1216
12/23/2024,255.27,40858770,254.77,255.65,253.45,1217
12/24/2024,258.20,23234710,255.49,258.21,255.29,1218
12/26/2024,259.02,27262980,258.19,260.10,257.63,1219
12/27/2024,255.59,42355320,257.83,258.70,253.06,1220
12/30/2024,252.20,35557540,252.23,253.50,250.75,1221
12/31/2024,250.42,39480720,252.44,253.28,249.43,1222
01/02/2025,243.85,55740730,248.93,249.10,241.82,1223
01/03/2025,243.36,40244110,243.36,244.18,241.89,1224
01/06/2025,245.00,45045570,244.31,247.33,243.20,1225
01/07/2025,242.21,40855960,242.98,245.55,241.35,1226
01/08/2025,242.70,37628940,241.92,243.71,240.05,1227
01/10/2025,236.85,61710860,240.01,240.16,233.00,1228
01/13/2025,234.40,49630730,233.53,234.67,229.72,1229
01/14/2025,233.28,39435290,234.75,236.12,232.47,1230
01/15/2025,237.87,39831970,234.64,238.96,234.43,1231
01/16/2025,228.26,71759050,237.35,238.01,228.03,1232
01/17/2025,229.98,68488300,232.12,232.29,228.48,1233
01/21/2025,222.64,98070430,224.00,224.42,219.38,1234
01/22/2025,223.83,64126500,219.79,224.12,219.79,1235
01/23/2025,223.66,60234760,224.74,227.03,222.30,1236
01/24/2025,222.78,54697910,224.78,225.63,221.41,1237
01/27/2025,229.86,94863420,224.02,232.15,223.98,1238
01/28/2025,238.26,75707570,230.85,240.19,230.81,1239
01/29/2025,239.36,45486100,234.12,239.86,234.01,1240
01/30/2025,237.59,55658280,238.67,240.79,237.21,1241
01/31/2025,236.00,101075100,247.19,247.19,233.44,1242
02/03/2025,228.01,73063300,229.99,231.83,225.70,1243
02/04/2025,232.80,45067300,227.25,233.13,226.65,1244
02/05/2025,232.47,39664990,228.53,232.67,228.27,1245
02/06/2025,233.22,29925350,231.29,233.80,230.43,1246
02/07/2025,227.63,39707220,232.60,234.00,227.26,1247
02/10/2025,227.65,33115650,229.57,230.59,227.20,1248
02/11/2025,232.62,53718360,228.20,235.23,228.13,1249
02/12/2025,236.87,45243290,231.20,236.96,230.68,1250
02/13/2025,241.53,53614050,236.91,242.34,235.57,1251
02/14/2025,244.60,40896230,241.25,245.55,240.99,1252
02/18/2025,244.47,48822490,244.15,245.18,241.84,1253
02/19/2025,244.87,32204220,244.66,246.01,243.16,1254
02/20/2025,245.83,32316910,244.94,246.78,244.29,1255
02/21/2025,245.55,53197430,245.95,248.69,245.22,1256